<?xml version="1.0" encoding="UTF-8" standalone="yes"?><history><sql date="1380810500292" url="jdbc:oracle:thin:@localhost:1521:orcl">select * from HRCMS.&quot;DICT_学科专业代码&quot;</sql><sql date="1378227224006" url="jdbc:oracle:thin:@localhost:1521:orcl">select * from HRCMS.&quot;DICT_在岗状态&quot;</sql><sql date="1380810518373" url="jdbc:oracle:thin:@localhost:1521:orcl">select * from HRCMS.&quot;DICT_职工身份类别&quot;</sql><sql date="1387275799353" url="jdbc:derby://localhost:1527/lumens">select pid pname  pcontent from project</sql><sql date="1380727811988" url="jdbc:oracle:thin:@localhost:1521:orcl">select * from HRCMS.&quot;国内进修培训&quot;</sql><sql date="1379246709003" url="jdbc:oracle:thin:@localhost:1521:orcl">select * from HRCMS.&quot;DICT_考核类别代码&quot;</sql><sql date="1380810434809" url="jdbc:oracle:thin:@localhost:1521:orcl">select * from HRCMS.&quot;DICT_干部职务名称代码&quot;</sql><sql date="1380810477790" url="jdbc:oracle:thin:@localhost:1521:orcl">select * from HRCMS.&quot;DICT_机构代码&quot;</sql><sql date="1387294912682" url="jdbc:derby://localhost:1527/lumens">ALTER TABLE LUMENS.PROJECT DROP COLUMN CONTENT</sql><sql date="1378202458868" url="jdbc:oracle:thin:@localhost:1521:orcl">select &quot;职工号&quot; from HRCMS.&quot;个人概况&quot;</sql><sql date="1379246611573" url="jdbc:oracle:thin:@localhost:1521:orcl">select * from HRCMS.&quot;DICT_考核等级代码&quot;</sql><sql date="1379186172083" url="jdbc:oracle:thin:@localhost:1521:orcl">select * from HRCMS.&quot;DICT_专业&quot;</sql><sql date="1379247101747" url="jdbc:oracle:thin:@localhost:1521:orcl">SELECT k.全局编号, k.职工号, g.姓名, lb.名称 AS 考核类别, k.考核岗位, k.考核内容, dj.&quot;名称&quot; AS 考核等级, jg.&quot;名称&quot; AS 考核结果, k.考核时间, k.备注, k.最后修改时间 
  FROM 考核 k, 个人概况 g, DICT_考核类别代码 lb, DICT_考核等级代码 dj, DICT_考核结果代码 jg
  WHERE k.职工号 = g.职工号(+) AND  k.考核类别 = lb.代码(+) AND k.&quot;考核等级&quot; = dj.&quot;代码&quot;(+) AND k.&quot;考核结果&quot; = jg.&quot;代码&quot;(+)</sql><sql date="1380809994237" url="jdbc:oracle:thin:@localhost:1521:orcl">select * from HRCMS.&quot;DICT_协作单位类型代码&quot;</sql><sql date="1380810012952" url="jdbc:oracle:thin:@localhost:1521:orcl">select * from HRCMS.&quot;DICT_人员代码&quot;</sql><sql date="1379186393061" url="jdbc:oracle:thin:@localhost:1521:orcl">select * from HRCMS.&quot;DICT_专业技术职务级别&quot;</sql><sql date="1387273086164" url="jdbc:oracle:thin:@localhost:1521:orcl">select * from HR.JOBS</sql><sql date="1379246783276" url="jdbc:oracle:thin:@localhost:1521:orcl">SELECT k.全局编号, k.职工号, g.姓名, lb.名称, k.考核岗位, k.考核内容, k.考核等级, k.考核结果, k.考核时间, k.备注, k.最后修改时间 
FROM 考核 k, 个人概况 g, DICT_考核类别代码 lb WHERE k.职工号 = g.职工号(+) AND  k.考核类别 = lb.代码(+)</sql><sql date="1380810003162" url="jdbc:oracle:thin:@localhost:1521:orcl">select * from HRCMS.&quot;DICT_党政职务&quot;</sql><sql date="1379598547231" url="jdbc:oracle:thin:@localhost:1521:orcl">select * from HRCMS.&quot;DICT_称谓代码&quot;</sql><sql date="1387267596584" url="jdbc:derby:derbyDB;create=true">CREATE SCHEMA lumens AUTHORIZATION lumens</sql><sql date="1379686381765" url="jdbc:oracle:thin:@localhost:1521:orcl">select * from HRCMS.&quot;党政职务&quot;</sql><sql date="1379246603837" url="jdbc:oracle:thin:@localhost:1521:orcl">select * from HRCMS.&quot;DICT_考核结果代码&quot;</sql><sql date="1379598678830" url="jdbc:oracle:thin:@localhost:1521:orcl">select * from HRCMS.&quot;家庭成员&quot;</sql><sql date="1380809949650" url="jdbc:oracle:thin:@localhost:1521:orcl">select * from HRCMS.&quot;DICT_职务类别代码&quot;</sql><sql date="1387278159095" url="jdbc:derby://localhost:1527/lumens">select pid pname from project</sql><sql date="1387294900958" url="jdbc:derby://localhost:1527/lumens">delete from project

ALTER TABLE LUMENS.PROJECT DROP COLUMN CONTENT</sql><sql date="1378227253805" url="jdbc:oracle:thin:@localhost:1521:orcl">select * from HRCMS.&quot;DICT_身份类别&quot;</sql><sql date="1380040029811" url="jdbc:oracle:thin:@localhost:1521:orcl">select * from HRCMS.&quot;DICT_学习方式代码&quot;</sql><sql date="1380811503636" url="jdbc:oracle:thin:@localhost:1521:orcl">select * from HRCMS.&quot;DICT_出国目的代码&quot;</sql><sql date="1387277201768" url="jdbc:derby://localhost:1527/lumens">alter table project alter pid set data type varchar(50)</sql><sql date="1379246665539" url="jdbc:oracle:thin:@localhost:1521:orcl">SELECT k.全局编号, k.职工号, g.姓名, k.考核类别, k.考核岗位, k.考核内容, k.考核等级, k.考核结果, k.考核时间, k.备注, k.最后修改时间 FROM 考核 k, 个人概况 g WHERE k.职工号 = g.职工号(+)</sql><sql date="1376761180418" url="jdbc:oracle:thin:@localhost:1521:orcl">select * from HR.COUNTRIES</sql><sql date="1380044287189" url="jdbc:oracle:thin:@localhost:1521:orcl">select * from HRCMS.&quot;DICT_学习形式代码&quot;</sql><sql date="1379686638014" url="jdbc:oracle:thin:@localhost:1521:orcl">select * from HRCMS.&quot;DICT_职称代码&quot;</sql><sql date="1379190473713" url="jdbc:oracle:thin:@localhost:1521:orcl">select * from HRCMS.&quot;DICT_出版社级别代码&quot;</sql><sql date="1378227263513" url="jdbc:oracle:thin:@localhost:1521:orcl">select * from HRCMS.&quot;DICT_人员类别代码&quot;</sql><sql date="1379190481261" url="jdbc:oracle:thin:@localhost:1521:orcl">select * from HRCMS.&quot;DICT_外语程度代码&quot;</sql><sql date="1380042547432" url="jdbc:oracle:thin:@localhost:1521:orcl">select * from HRCMS.&quot;DICT_学位代码&quot;</sql><sql date="1390555040975" url="jdbc:derby://localhost:1527/lumens">select * from LUMENS.PROJECT</sql><sql date="1379598645401" url="jdbc:oracle:thin:@localhost:1521:orcl">select * from HRCMS.&quot;家庭成员&quot; f, &quot;称谓代码&quot; c where f.&quot;称谓&quot; = c.&quot;代码&quot;(+)</sql><sql date="1380810412524" url="jdbc:oracle:thin:@localhost:1521:orcl">select * from HRCMS.&quot;DICT_在学单位类别代码&quot;</sql><sql date="1380042845142" url="jdbc:oracle:thin:@localhost:1521:orcl">select * from HRCMS.&quot;DICT_国家代码&quot;</sql><sql date="1380813758001" url="jdbc:oracle:thin:@localhost:1521:orcl">select * from HRCMS.&quot;荣誉性奖励&quot;</sql><sql date="1380810467981" url="jdbc:oracle:thin:@localhost:1521:orcl">select * from HRCMS.&quot;DICT_教职工来源代码&quot;</sql><sql date="1379190483832" url="jdbc:oracle:thin:@localhost:1521:orcl">select * from HRCMS.&quot;DICT_奖励代码&quot;</sql><sql date="1380809890730" url="jdbc:oracle:thin:@localhost:1521:orcl">select * from HRCMS.&quot;任职单位&quot;</sql><sql date="1380809913756" url="jdbc:oracle:thin:@localhost:1521:orcl">select * from HRCMS.&quot;DICT_职级代码&quot;</sql><sql date="1380810470659" url="jdbc:oracle:thin:@localhost:1521:orcl">select * from HRCMS.&quot;DICT_教职工类别代码&quot;</sql><sql date="1380810452477" url="jdbc:oracle:thin:@localhost:1521:orcl">select * from HRCMS.&quot;DICT_干部职务级别代码&quot;</sql><sql date="1387275828651" url="jdbc:derby://localhost:1527/lumens">select pid pname pdescription pcontent from project</sql><sql date="1387277179605" url="jdbc:derby://localhost:1527/lumens">alter table project alert pid set data type varchar(50)</sql><sql date="1379190475887" url="jdbc:oracle:thin:@localhost:1521:orcl">select * from HRCMS.&quot;DICT_博士后类型代码&quot;</sql><sql date="1380810427677" url="jdbc:oracle:thin:@localhost:1521:orcl">select * from HRCMS.&quot;DICT_岗位代码&quot;</sql><sql date="1378227234827" url="jdbc:oracle:thin:@localhost:1521:orcl">select * from HRCMS.&quot;DICT_编制类别&quot;</sql><sql date="1380737415582" url="jdbc:oracle:thin:@localhost:1521:orcl">select * from HRCMS.&quot;出国进修&quot;</sql><sql date="1387267629862" url="jdbc:derby:derbyDB;create=true">select * from APP.PROJECT</sql><sql date="1377245521012" url="jdbc:oracle:thin:@localhost:1521:orcl">select * from HRCMS.PERSON_CONTACT</sql><sql date="1379190477789" url="jdbc:oracle:thin:@localhost:1521:orcl">select * from HRCMS.&quot;DICT_合同类别代码&quot;</sql><sql date="1380810523667" url="jdbc:oracle:thin:@localhost:1521:orcl">select * from HRCMS.&quot;DICT_职位分类代码&quot;</sql><sql date="1379186040356" url="jdbc:oracle:thin:@localhost:1521:orcl">select * from HRCMS.&quot;DICT_鉴定结论代码&quot;</sql><sql date="1379688179568" url="jdbc:oracle:thin:@localhost:1521:orcl">select * from HRCMS.&quot;来校前工作简历&quot;</sql><sql date="1378224616512" url="jdbc:oracle:thin:@localhost:1521:orcl">select * from HRCMS.&quot;个人概况&quot;</sql><sql date="1387267666086" url="jdbc:derby:derbyDB;create=true">CREATE TABLE PROJECT (PID VARCHAR(20) NOT NULL, PNAME VARCHAR(50) NOT NULL, PDESCRIPTION VARCHAR(1024), PCONTENT VARCHAR(5120), PRIMARY KEY (PID))</sql><sql date="1387270124093" url="jdbc:derby://localhost:1527/lumens">CREATE TABLE PROJECT (PID VARCHAR(20) NOT NULL, PNAME VARCHAR(50) NOT NULL, PDESCRIPTION VARCHAR(1024), PCONTENT VARCHAR(5120), PRIMARY KEY (PID))</sql><sql date="1387300282172" url="jdbc:derby://localhost:1527/lumens">select * from project</sql><sql date="1379246098906" url="jdbc:oracle:thin:@localhost:1521:orcl">select * from HRCMS.&quot;考核&quot;</sql><sql date="1379190469189" url="jdbc:oracle:thin:@localhost:1521:orcl">select * from HRCMS.&quot;DICT_出国状态代码&quot;</sql><sql date="1379686738710" url="jdbc:oracle:thin:@localhost:1521:orcl">select * from HRCMS.&quot;DICT_政治面貌代码&quot;</sql><sql date="1390541045259" url="jdbc:oracle:thin:@localhost:1521:orcl">select count(*) from HR.EMPLOYEES_TEST</sql><sql date="1379246702234" url="jdbc:oracle:thin:@localhost:1521:orcl">SELECT k.全局编号, k.职工号, g.姓名, lb.考核类别, k.考核岗位, k.考核内容, k.考核等级, k.考核结果, k.考核时间, k.备注, k.最后修改时间 
FROM 考核 k, 个人概况 g, DICT_考核类别代码 lb WHERE k.职工号 = g.职工号(+)</sql><sql date="1380809932229" url="jdbc:oracle:thin:@localhost:1521:orcl">select * from HRCMS.&quot;DICT_角色代码&quot;</sql><sql date="1390541027482" url="jdbc:oracle:thin:@localhost:1521:orcl">select * from HR.EMPLOYEES_TEST</sql><sql date="1387294841775" url="jdbc:derby://localhost:1527/lumens">delete from project</sql></history>