<?xml version="1.0" encoding="UTF-8"?>
<Configuration status="warn" name="MyApp" packages="com.lumens.logsys">
    <Appenders>
        <CustomizedPathRollingFile name="LogApp" fileName="logs/lumens.log"
                                   filePattern="logs/$${date:yyyy-MM}/lumens-%d{MM-dd-yyyy}-%i.log.gz">
            <PatternLayout>
                <Pattern>%d{HH:mm:ss.SSS} [%t] %-5level %logger{36} - %msg%n</Pattern>
                <Charset>UTF-8</Charset>
            </PatternLayout>
            <Policies>
                <TimeBasedTriggeringPolicy />
                <SizeBasedTriggeringPolicy size="50 MB"/>
            </Policies>
        </CustomizedPathRollingFile>
    </Appenders>
    <Loggers>
        <Root level="trace">
            <AppenderRef ref="LogApp"/>
        </Root>
    </Loggers>
</Configuration>