<?xml version="1.0" encoding="UTF-8"?>
<!DOCTYPE platform PUBLIC "-//NetBeans//DTD Java PlatformDefinition 1.0//EN" "http://www.netbeans.org/dtds/java-platformdefinition-1_0.dtd">
<platform default="no" name="JDK 1.7">
    <jdkhome>
        <resource>file:/C:/Sun/Java/jdk1.7.0_21/</resource>
    </jdkhome>
    <properties>
        <property name="platform.ant.name" value="JDK_1.7"/>
    </properties>
    <sysproperties>
        <property name="awt.toolkit" value="sun.awt.windows.WToolkit"/>
        <property name="file.encoding" value="GBK"/>
        <property name="file.encoding.pkg" value="sun.io"/>
        <property name="file.separator" value="\"/>
        <property name="java.awt.graphicsenv" value="sun.awt.Win32GraphicsEnvironment"/>
        <property name="java.awt.printerjob" value="sun.awt.windows.WPrinterJob"/>
        <property name="java.class.path" value=""/>
        <property name="java.class.version" value="51.0"/>
        <property name="java.endorsed.dirs" value="C:\Sun\Java\jdk1.7.0_21\jre\lib\endorsed"/>
        <property name="java.ext.dirs" value="C:\Sun\Java\jdk1.7.0_21\jre\lib\ext;C:\Windows\Sun\Java\lib\ext"/>
        <property name="java.home" value="C:\Sun\Java\jdk1.7.0_21\jre"/>
        <property name="java.io.tmpdir" value="C:\Users\washaofe\AppData\Local\Temp\"/>
        <property name="java.library.path" value="C:\Sun\Java\jdk1.7.0_21\bin;C:\Windows\Sun\Java\bin;C:\Windows\system32;C:\Windows;C:\app\washaofe\product\11.2.0\dbhome_2;C:\app\washaofe\product;c:\app\washaofe\product\11.2.0\dbhome\bin;C:\Shaofeng\CIT_BUILD\codereview;C:\Sun\Java\jdk1.6.0_45\bin;C:\Sun\appengine-java-sdk-1.8.0\bin;C:\Sun\maven\apache-maven\bin;C:\Program Files\RA2HP\;C:\Windows\system32;C:\Windows;C:\Windows\System32\Wbem;C:\Windows\System32\WindowsPowerShell\v1.0\;C:\Program Files\ActivIdentity\ActivClient\;C:\Program Files (x86)\ActivIdentity\ActivClient\;C:\Program Files\WIDCOMM\Bluetooth Software\;C:\Program Files\WIDCOM\Bluetooth Software\syswow64;C:\Program Files (x86)\QuickTime\QTSystem\;C:\Program Files (x86)\Business Objects\BusinessObjects Enterprise 12.0\win32_x86;C:\Program Files\nodejs\;C:\Users\washaofe\AppData\Roaming\npm;."/>
        <property name="java.runtime.name" value="Java(TM) SE Runtime Environment"/>
        <property name="java.runtime.version" value="1.7.0_21-b11"/>
        <property name="java.specification.name" value="Java Platform API Specification"/>
        <property name="java.specification.vendor" value="Oracle Corporation"/>
        <property name="java.specification.version" value="1.7"/>
        <property name="java.vendor" value="Oracle Corporation"/>
        <property name="java.vendor.url" value="http://java.oracle.com/"/>
        <property name="java.vendor.url.bug" value="http://bugreport.sun.com/bugreport/"/>
        <property name="java.version" value="1.7.0_21"/>
        <property name="java.vm.info" value="mixed mode, sharing"/>
        <property name="java.vm.name" value="Java HotSpot(TM) Client VM"/>
        <property name="java.vm.specification.name" value="Java Virtual Machine Specification"/>
        <property name="java.vm.specification.vendor" value="Oracle Corporation"/>
        <property name="java.vm.specification.version" value="1.7"/>
        <property name="java.vm.vendor" value="Oracle Corporation"/>
        <property name="java.vm.version" value="23.21-b01"/>
        <property name="line.separator" value="&#13;&#10;"/>
        <property name="os.arch" value="x86"/>
        <property name="os.name" value="Windows 7"/>
        <property name="os.version" value="6.1"/>
        <property name="path.separator" value=";"/>
        <property name="sun.arch.data.model" value="32"/>
        <property name="sun.boot.class.path" value="C:\Sun\Java\jdk1.7.0_21\jre\lib\resources.jar;C:\Sun\Java\jdk1.7.0_21\jre\lib\rt.jar;C:\Sun\Java\jdk1.7.0_21\jre\lib\sunrsasign.jar;C:\Sun\Java\jdk1.7.0_21\jre\lib\jsse.jar;C:\Sun\Java\jdk1.7.0_21\jre\lib\jce.jar;C:\Sun\Java\jdk1.7.0_21\jre\lib\charsets.jar;C:\Sun\Java\jdk1.7.0_21\jre\lib\jfr.jar;C:\Sun\Java\jdk1.7.0_21\jre\classes"/>
        <property name="sun.boot.library.path" value="C:\Sun\Java\jdk1.7.0_21\jre\bin"/>
        <property name="sun.cpu.endian" value="little"/>
        <property name="sun.cpu.isalist" value="pentium_pro+mmx pentium_pro pentium+mmx pentium i486 i386 i86"/>
        <property name="sun.desktop" value="windows"/>
        <property name="sun.io.unicode.encoding" value="UnicodeLittle"/>
        <property name="sun.java.command" value="org.netbeans.modules.java.j2seplatform.wizard.SDKProbe C:\Users\washaofe\AppData\Local\Temp\nb-platformdetect442230213135482027properties"/>
        <property name="sun.java.launcher" value="SUN_STANDARD"/>
        <property name="sun.jnu.encoding" value="GBK"/>
        <property name="sun.management.compiler" value="HotSpot Client Compiler"/>
        <property name="sun.os.patch.level" value="Service Pack 1"/>
        <property name="user.country" value="US"/>
        <property name="user.country.format" value="CN"/>
        <property name="user.dir" value=""/>
        <property name="user.home" value="C:\Users\washaofe"/>
        <property name="user.language" value="en"/>
        <property name="user.language.format" value="zh"/>
        <property name="user.name" value="washaofe"/>
        <property name="user.script" value=""/>
        <property name="user.timezone" value="Asia/Shanghai"/>
        <property name="user.variant" value=""/>
    </sysproperties>
    <sources>
        <resource>jar:file:/C:/Sun/Java/jdk1.7.0_21/src.zip!/</resource>
    </sources>
    <javadoc>
        <resource>http://download.oracle.com/javase/7/docs/api/</resource>
    </javadoc>
</platform>
